#;301;301;301;301;301;301;301;301;301;301;301;301;508;508;508;508;508;508;508;508;508;508;508;508;542;542;542;542;542;542;542;542;542;542;542;542;319;319;319;319;319;319;319;319;319;319;319;319;515;515;515;515;515;515;515;515;515;515;515;515
;date;sigma_sentinel_vv;sigma_sentinel_vh;theta;relativeorbit;orbitdirection;satellite;LAI;SM;Height;VWC;vh/vv;date;sigma_sentinel_vv;sigma_sentinel_vh;theta;relativeorbit;orbitdirection;satellite;LAI;SM;Height;VWC;vh/vv;date;sigma_sentinel_vv;sigma_sentinel_vh;theta;relativeorbit;orbitdirection;satellite;LAI;SM;Height;VWC;vh/vv;date;sigma_sentinel_vv;sigma_sentinel_vh;theta;relativeorbit;orbitdirection;satellite;LAI;SM;Height;VWC;vh/vv;date;sigma_sentinel_vv;sigma_sentinel_vh;theta;relativeorbit;orbitdirection;satellite;LAI;SM;Height;VWC;vh/vv
0;2017-03-24 05:17:15;0.0804;0.0119;44.7015;95;DESCENDING;S2B;0.6419;0.2263;11.0174;0.2939;0.1486;2017-03-24 05:17:15;0.1078;0.0116;44.7015;95;DESCENDING;S2B;0.5529;0.2084;12.4027;0.2338;0.1077;2017-03-24 05:17:15;0.0762;0.0096;44.7015;95;DESCENDING;S2B;0.4054;0.2668;8.7535;0.0282;0.1265;2017-03-24 05:17:15;0.0375;0.0086;44.7015;95;DESCENDING;S2B;;;;;0.2278;2017-03-24 05:17:15;0.0468;0.0097;44.7015;95;DESCENDING;S2B;;;;;0.2077
1;2017-03-25 17:06:21;0.0857;0.0160;42.4836;117;ASCENDING;S2B;0.8056;0.2227;11.1423;0.3124;0.1868;2017-03-25 17:06:21;0.0677;0.0143;42.4836;117;ASCENDING;S2B;0.6689;0.2016;12.9028;0.3106;0.2108;2017-03-25 17:06:21;0.1161;0.0078;42.4836;117;ASCENDING;S2B;0.4871;0.2522;9.3785;0.1265;0.0674;2017-03-25 17:06:21;0.0895;0.0124;42.4836;117;ASCENDING;S2B;;;;;0.1390;2017-03-25 17:06:21;0.0577;0.0113;42.4836;117;ASCENDING;S2B;;;;;0.1956
2;2017-03-26 16:58:53;0.0862;0.0138;33.3043;44;ASCENDING;S1A;0.9102;0.2179;11.2222;0.3242;0.1604;2017-03-26 16:58:53;0.1388;0.0200;33.3043;44;ASCENDING;S1A;0.7429;0.2006;13.2222;0.3597;0.1443;2017-03-26 16:58:53;0.1429;0.0090;33.3043;44;ASCENDING;S1A;0.5394;0.2489;9.7778;0.1894;0.0630;2017-03-26 16:58:53;0.0993;0.0209;33.3043;44;ASCENDING;S1A;;;;;0.2108;2017-03-26 16:58:53;0.0844;0.0147;33.3043;44;ASCENDING;S1A;;;;;0.1741
3;2017-03-29 05:25:29;0.0984;0.0200;35.9956;168;DESCENDING;S2B;1.1552;0.2050;13.6493;0.4125;0.2032;2017-03-29 05:25:29;0.0782;0.0162;35.9956;168;DESCENDING;S2B;0.9478;0.2005;15.1771;0.4438;0.2076;2017-03-29 05:25:29;0.0667;0.0072;35.9956;168;DESCENDING;S2B;0.6172;0.2432;10.7864;0.2664;0.1082;2017-03-29 05:25:29;0.1119;0.0135;35.9956;168;DESCENDING;S2B;;;;;0.1210;2017-03-29 05:25:29;0.0733;0.0163;35.9956;168;DESCENDING;S2B;;;;;0.2226
4;2017-03-30 05:18:04;0.0597;0.0160;44.6988;95;DESCENDING;S1A;1.2375;0.2010;15.5660;0.4719;0.2678;2017-03-30 05:18:04;0.0565;0.0120;44.6988;95;DESCENDING;S1A;1.0321;0.2009;16.4271;0.4569;0.2124;2017-03-30 05:18:04;0.0501;0.0044;44.6988;95;DESCENDING;S1A;0.6214;0.2397;11.1614;0.2578;0.0873;2017-03-30 05:18:04;0.0688;0.0148;44.6988;95;DESCENDING;S1A;;;;;0.2156;2017-03-30 05:18:04;0.0367;0.0099;44.6988;95;DESCENDING;S1A;;;;;0.2711
5;2017-03-31 17:07:04;0.1165;0.0237;42.4865;117;ASCENDING;S1A;1.3610;0.1983;18.4410;0.5612;0.2037;2017-03-31 17:07:04;0.0625;0.0152;42.4865;117;ASCENDING;S1A;1.1585;0.1980;18.3021;0.4766;0.2429;2017-03-31 17:07:04;0.0635;0.0054;42.4865;117;ASCENDING;S1A;0.6277;0.2304;11.7239;0.2448;0.0857;2017-03-31 17:07:04;0.1331;0.0301;42.4865;117;ASCENDING;S1A;;;;;0.2262;2017-03-31 17:07:04;0.0636;0.0132;42.4865;117;ASCENDING;S1A;;;;;0.2077
6;2017-04-01 16:58:06;0.0960;0.0178;33.3110;44;ASCENDING;S2B;1.4399;0.1908;20.2778;0.6181;0.1856;2017-04-01 16:58:06;0.0987;0.0155;33.3110;44;ASCENDING;S2B;1.2393;0.1978;19.5000;0.4891;0.1565;2017-04-01 16:58:06;0.1296;0.0097;33.3110;44;ASCENDING;S2B;0.6317;0.2267;12.0833;0.2366;0.0749;2017-04-01 16:58:06;0.1641;0.0235;33.3110;44;ASCENDING;S2B;;;;;0.1430;2017-04-01 16:58:06;0.0770;0.0167;33.3110;44;ASCENDING;S2B;;;;;0.2165
7;2017-04-04 05:26:13;0.1149;0.0192;36.0023;168;DESCENDING;S1A;1.6492;0.1914;25.1493;0.7693;0.1673;2017-04-04 05:26:13;0.0864;0.0090;36.0023;168;DESCENDING;S1A;1.4535;0.2069;22.6771;0.5224;0.1037;2017-04-04 05:26:13;0.1068;0.0124;36.0023;168;DESCENDING;S1A;0.6424;0.2294;13.0364;0.2146;0.1158;2017-04-04 05:26:13;0.1161;0.0105;36.0023;168;DESCENDING;S1A;;;;;0.0901;2017-04-04 05:26:13;0.0609;0.0152;36.0023;168;DESCENDING;S1A;;;;;0.2503
8;2017-04-05 05:17:15;0.0872;0.0216;44.7018;95;DESCENDING;S2B;1.7441;0.1900;26.7084;0.8255;0.2471;2017-04-05 05:17:15;0.0606;0.0102;44.7018;95;DESCENDING;S2B;1.5537;0.2086;23.7223;0.5429;0.1689;2017-04-05 05:17:15;0.0713;0.0102;44.7018;95;DESCENDING;S2B;0.6477;0.2260;13.4166;0.2006;0.1431;2017-04-05 05:17:15;0.0719;0.0071;44.7018;95;DESCENDING;S2B;;;;;0.0983;2017-04-05 05:17:15;0.0566;0.0149;44.7018;95;DESCENDING;S2B;;;;;0.2631
9;2017-04-06 17:06:22;0.0795;0.0196;42.4903;117;ASCENDING;S2B;1.9579;0.1796;27.0084;0.8911;0.2463;2017-04-06 17:06:22;0.0464;0.0100;42.4903;117;ASCENDING;S2B;1.7947;0.2052;24.1222;0.6153;0.2159;2017-04-06 17:06:22;0.0535;0.0073;42.4903;117;ASCENDING;S2B;0.6621;0.2242;14.0166;0.1491;0.1354;2017-04-06 17:06:22;0.1423;0.0156;42.4903;117;ASCENDING;S2B;;;;;0.1099;2017-04-06 17:06:22;0.0358;0.0108;42.4903;117;ASCENDING;S2B;;;;;0.3008
10;2017-04-07 16:58:53;0.0729;0.0223;33.3124;44;ASCENDING;S1A;2.0945;0.1788;27.2000;0.9330;0.3054;2017-04-07 16:58:53;0.0569;0.0126;33.3124;44;ASCENDING;S1A;1.9487;0.2046;24.3778;0.6615;0.2212;2017-04-07 16:58:53;0.0840;0.0090;33.3124;44;ASCENDING;S1A;0.6712;0.2226;14.4000;0.1162;0.1076;2017-04-07 16:58:53;0.1514;0.0269;33.3124;44;ASCENDING;S1A;;;;;0.1778;2017-04-07 16:58:53;0.0394;0.0124;33.3124;44;ASCENDING;S1A;;;;;0.3140
11;2017-04-10 05:25:30;0.0714;0.0189;35.9963;168;DESCENDING;S2B;2.4384;0.1628;27.7425;1.0362;0.2645;2017-04-10 05:25:30;0.0524;0.0103;35.9963;168;DESCENDING;S2B;2.3373;0.2053;25.0126;0.7838;0.1974;2017-04-10 05:25:30;0.0565;0.0068;35.9963;168;DESCENDING;S2B;0.6985;0.2107;15.3964;0.0361;0.1211;2017-04-10 05:25:30;0.1351;0.0289;35.9963;168;DESCENDING;S2B;;;;;0.2141;2017-04-10 05:25:30;0.0420;0.0121;35.9963;168;DESCENDING;S2B;;;;;0.2873
12;2017-04-11 05:18:05;0.0655;0.0164;44.6972;95;DESCENDING;S1A;2.4931;0.1583;28.1061;1.0413;0.2496;2017-04-11 05:18:05;0.0314;0.0089;44.6972;95;DESCENDING;S1A;2.4033;0.2021;25.0732;0.8298;0.2840;2017-04-11 05:18:05;0.0345;0.0046;44.6972;95;DESCENDING;S1A;0.7222;0.2047;15.6995;0.0360;0.1330;2017-04-11 05:18:05;0.1074;0.0310;44.6972;95;DESCENDING;S1A;;;;;0.2889;2017-04-11 05:18:05;0.0309;0.0079;44.6972;95;DESCENDING;S1A;;;;;0.2561
13;2017-04-12 17:07:05;0.0677;0.0239;42.4873;117;ASCENDING;S1A;2.5752;0.1572;28.6515;1.0490;0.3535;2017-04-12 17:07:05;0.0482;0.0123;42.4873;117;ASCENDING;S1A;2.5022;0.2023;25.1641;0.8988;0.2544;2017-04-12 17:07:05;0.0492;0.0068;42.4873;117;ASCENDING;S1A;0.7578;0.2008;16.1540;0.0359;0.1371;2017-04-12 17:07:05;0.1475;0.0325;42.4873;117;ASCENDING;S1A;;;;;0.2206;2017-04-12 17:07:05;0.0570;0.0152;42.4873;117;ASCENDING;S1A;;;;;0.2668
14;2017-04-16 05:26:14;0.0507;0.0176;36.0004;168;DESCENDING;S1A;2.7667;0.1518;29.9243;1.0669;0.3466;2017-04-16 05:26:14;0.0324;0.0134;36.0004;168;DESCENDING;S1A;2.7330;0.2105;25.3763;1.0598;0.4142;2017-04-16 05:26:14;0.0339;0.0067;36.0004;168;DESCENDING;S1A;0.8407;0.1916;17.2147;0.0356;0.1974;2017-04-16 05:26:14;0.0872;0.0119;36.0004;168;DESCENDING;S1A;;;;;0.1361;2017-04-16 05:26:14;0.0474;0.0119;36.0004;168;DESCENDING;S1A;;;;;0.2510
15;2017-04-17 05:17:16;0.0666;0.0156;44.7011;95;DESCENDING;S2B;2.8214;0.1685;30.2879;1.0721;0.2346;2017-04-17 05:17:16;0.0272;0.0087;44.7011;95;DESCENDING;S2B;2.7989;0.2391;25.4369;1.1058;0.3195;2017-04-17 05:17:16;0.0729;0.0153;44.7011;95;DESCENDING;S2B;0.8644;0.2273;17.5177;0.0356;0.2092;2017-04-17 05:17:16;0.0716;0.0074;44.7011;95;DESCENDING;S2B;;;;;0.1034;2017-04-17 05:17:16;0.0551;0.0126;44.7011;95;DESCENDING;S2B;;;;;0.2280
16;2017-04-18 17:06:22;0.0815;0.0175;42.4921;117;ASCENDING;S2B;2.9034;0.2427;30.8334;1.0797;0.2148;2017-04-18 17:06:22;0.0338;0.0130;42.4921;117;ASCENDING;S2B;2.8978;0.2845;25.5278;1.1749;0.3860;2017-04-18 17:06:22;0.0968;0.0126;42.4921;117;ASCENDING;S2B;0.8999;0.2867;17.9722;0.0355;0.1302;2017-04-18 17:06:22;0.0990;0.0092;42.4921;117;ASCENDING;S2B;;;;;0.0933;2017-04-18 17:06:22;0.0945;0.0175;42.4921;117;ASCENDING;S2B;;;;;0.1856
17;2017-04-19 16:58:54;0.0626;0.0176;33.3156;44;ASCENDING;S1A;2.9559;0.2370;31.1819;1.0847;0.2811;2017-04-19 16:58:54;0.0443;0.0123;33.3156;44;ASCENDING;S1A;2.9610;0.2761;25.5859;1.2190;0.2771;2017-04-19 16:58:54;0.1526;0.0164;33.3156;44;ASCENDING;S1A;0.9226;0.2828;18.2627;0.0354;0.1074;2017-04-19 16:58:54;0.1432;0.0112;33.3156;44;ASCENDING;S1A;;;;;0.0783;2017-04-19 16:58:54;0.0632;0.0147;33.3156;44;ASCENDING;S1A;;;;;0.2321
18;2017-04-22 05:25:30;0.0403;0.0171;35.9968;168;DESCENDING;S2B;3.0726;0.2049;32.1061;1.1430;0.4239;2017-04-22 05:25:30;0.0283;0.0105;35.9968;168;DESCENDING;S2B;3.1103;0.2379;26.0329;1.3589;0.3713;2017-04-22 05:25:30;0.0756;0.0120;35.9968;168;DESCENDING;S2B;1.0151;0.2476;19.4356;0.0721;0.1589;2017-04-22 05:25:30;0.0938;0.0069;35.9968;168;DESCENDING;S2B;;;;;0.0732;2017-04-22 05:25:30;0.0315;0.0110;35.9968;168;DESCENDING;S2B;;;;;0.3505
19;2017-04-23 05:18:05;0.0611;0.0140;44.6985;95;DESCENDING;S1A;3.1089;0.2199;32.4697;1.1857;0.2287;2017-04-23 05:18:05;0.0289;0.0087;44.6985;95;DESCENDING;S1A;3.1611;0.2414;26.3359;1.4239;0.3002;2017-04-23 05:18:05;0.0571;0.0127;44.6985;95;DESCENDING;S1A;1.0654;0.2548;20.0720;0.1026;0.2224;2017-04-23 05:18:05;0.0675;0.0058;44.6985;95;DESCENDING;S1A;;;;;0.0866;2017-04-23 05:18:05;0.0244;0.0064;44.6985;95;DESCENDING;S1A;;;;;0.2627
20;2017-04-24 17:07:05;0.0694;0.0187;42.4841;117;ASCENDING;S1A;3.1632;0.1992;33.0152;1.2497;0.2695;2017-04-24 17:07:05;0.0317;0.0091;42.4841;117;ASCENDING;S1A;3.2373;0.2269;26.7904;1.5214;0.2874;2017-04-24 17:07:05;0.0550;0.0068;42.4841;117;ASCENDING;S1A;1.1410;0.2317;21.0265;0.1482;0.1241;2017-04-24 17:07:05;0.0760;0.0083;42.4841;117;ASCENDING;S1A;;;;;0.1086;2017-04-24 17:07:05;0.0651;0.0121;42.4841;117;ASCENDING;S1A;;;;;0.1857
21;2017-04-25 16:58:07;0.1030;0.0255;33.3049;44;ASCENDING;S2B;3.1980;0.2318;33.3637;1.2906;0.2474;2017-04-25 16:58:07;0.0487;0.0141;33.3049;44;ASCENDING;S2B;3.2860;0.2340;27.0808;1.5838;0.2887;2017-04-25 16:58:07;0.1448;0.0254;33.3049;44;ASCENDING;S2B;1.1893;0.2448;21.6364;0.1774;0.1754;2017-04-25 16:58:07;0.1258;0.0185;33.3049;44;ASCENDING;S2B;;;;;0.1472;2017-04-25 16:58:07;0.1163;0.0325;33.3049;44;ASCENDING;S2B;;;;;0.2794
22;2017-04-28 05:26:14;0.0940;0.0210;35.9984;168;DESCENDING;S1A;3.2901;0.2756;34.2879;1.3990;0.2230;2017-04-28 05:26:14;0.0647;0.0165;35.9984;168;DESCENDING;S1A;3.4151;0.3256;27.8510;1.7490;0.2550;2017-04-28 05:26:14;0.0855;0.0226;35.9984;168;DESCENDING;S1A;1.3173;0.3318;23.2538;0.2548;0.2644;2017-04-28 05:26:14;0.0656;0.0102;35.9984;168;DESCENDING;S1A;;;;;0.1547;2017-04-28 05:26:14;0.0363;0.0113;35.9984;168;DESCENDING;S1A;;;;;0.3101
23;2017-04-29 05:17:16;0.0620;0.0140;44.6961;95;DESCENDING;S2B;3.3264;0.2584;34.6515;1.4416;0.2258;2017-04-29 05:17:16;0.0244;0.0109;44.6961;95;DESCENDING;S2B;3.4660;0.3116;28.1540;1.8141;0.4473;2017-04-29 05:17:16;0.0808;0.0200;44.6961;95;DESCENDING;S2B;1.3677;0.3187;23.8902;0.2853;0.2475;2017-04-29 05:17:16;0.0656;0.0118;44.6961;95;DESCENDING;S2B;;;;;0.1802;2017-04-29 05:17:16;0.0302;0.0083;44.6961;95;DESCENDING;S2B;;;;;0.2767
24;2017-04-30 17:06:23;0.0584;0.0134;42.4880;117;ASCENDING;S2B;3.3808;0.2313;35.1970;1.5056;0.2293;2017-04-30 17:06:23;0.0251;0.0124;42.4880;117;ASCENDING;S2B;3.5422;0.2750;28.6086;1.9116;0.4948;2017-04-30 17:06:23;0.0750;0.0139;42.4880;117;ASCENDING;S2B;1.4432;0.2832;24.8447;0.3310;0.1858;2017-04-30 17:06:23;0.0606;0.0106;42.4880;117;ASCENDING;S2B;;;;;0.1754;2017-04-30 17:06:23;0.0557;0.0236;42.4880;117;ASCENDING;S2B;;;;;0.4232
25;2017-05-01 16:58:54;0.0640;0.0163;33.3116;44;ASCENDING;S1A;3.4155;0.2211;35.5455;1.5465;0.2548;2017-05-01 16:58:54;0.0299;0.0135;33.3116;44;ASCENDING;S1A;3.5909;0.2715;28.8990;1.9739;0.4529;2017-05-01 16:58:54;0.0997;0.0299;33.3116;44;ASCENDING;S1A;1.4915;0.2768;25.4546;0.3601;0.3000;2017-05-01 16:58:54;0.1102;0.0166;33.3116;44;ASCENDING;S1A;;;;;0.1506;2017-05-01 16:58:54;0.0872;0.0410;33.3116;44;ASCENDING;S1A;;;;;0.4697
26;2017-05-04 05:25:31;0.0428;0.0111;35.9996;168;DESCENDING;S2B;3.4824;0.2396;35.6667;1.8327;0.2587;2017-05-04 05:25:31;0.0214;0.0106;35.9996;168;DESCENDING;S2B;3.7271;0.2779;29.0000;2.1966;0.4963;2017-05-04 05:25:31;0.1054;0.0205;35.9996;168;DESCENDING;S2B;1.7210;0.2917;25.6667;0.5491;0.1945;2017-05-04 05:25:31;0.0839;0.0064;35.9996;168;DESCENDING;S2B;;;;;0.0758;2017-05-04 05:25:31;0.0520;0.0116;35.9996;168;DESCENDING;S2B;;;;;0.2230
27;2017-05-05 05:18:06;0.0468;0.0150;44.6989;95;DESCENDING;S1A;3.5072;0.2547;35.6667;1.9559;0.3201;2017-05-05 05:18:06;0.0234;0.0068;44.6989;95;DESCENDING;S1A;3.7811;0.2749;29.0000;2.2876;0.2899;2017-05-05 05:18:06;0.0701;0.0252;44.6989;95;DESCENDING;S1A;1.8173;0.3028;25.6667;0.6301;0.3593;2017-05-05 05:18:06;0.0884;0.0067;44.6989;95;DESCENDING;S1A;;;;;0.0759;2017-05-05 05:18:06;0.0465;0.0094;44.6989;95;DESCENDING;S1A;;;;;0.2020
28;2017-05-06 17:07:06;0.0375;0.0115;42.4915;117;ASCENDING;S1A;3.5445;0.2353;35.6667;2.1406;0.3068;2017-05-06 17:07:06;0.0244;0.0080;42.4915;117;ASCENDING;S1A;3.8621;0.2611;29.0000;2.4241;0.3286;2017-05-06 17:07:06;0.0777;0.0171;42.4915;117;ASCENDING;S1A;1.9618;0.2822;25.6667;0.7516;0.2207;2017-05-06 17:07:06;0.0667;0.0067;42.4915;117;ASCENDING;S1A;;;;;0.0998;2017-05-06 17:07:06;0.0872;0.0135;42.4915;117;ASCENDING;S1A;;;;;0.1550
29;2017-05-07 16:58:08;0.0511;0.0158;33.3117;44;ASCENDING;S2B;3.5683;0.2480;35.6667;2.2587;0.3087;2017-05-07 16:58:08;0.0394;0.0108;33.3117;44;ASCENDING;S2B;3.9139;0.2750;29.0000;2.5113;0.2733;2017-05-07 16:58:08;0.1013;0.0265;33.3117;44;ASCENDING;S2B;2.0541;0.3000;25.6667;0.8292;0.2621;2017-05-07 16:58:08;0.1186;0.0103;33.3117;44;ASCENDING;S2B;;;;;0.0865;2017-05-07 16:58:08;0.1042;0.0194;33.3117;44;ASCENDING;S2B;;;;;0.1861
30;2017-05-10 05:26:15;0.0303;0.0124;35.9940;168;DESCENDING;S1A;3.6285;0.2530;36.5232;2.5753;0.4095;2017-05-10 05:26:15;0.0236;0.0093;35.9940;168;DESCENDING;S1A;4.1244;0.2912;29.7986;2.7422;0.3926;2017-05-10 05:26:15;0.0750;0.0180;35.9940;168;DESCENDING;S1A;2.3069;0.3046;26.4074;1.0454;0.2402;2017-05-10 05:26:15;0.0830;0.0062;35.9940;168;DESCENDING;S1A;;;;;0.0750;2017-05-10 05:26:15;0.0740;0.0203;35.9940;168;DESCENDING;S1A;;;;;0.2741
31;2017-05-11 05:17:16;0.0495;0.0107;44.6952;95;DESCENDING;S2B;3.6393;0.2381;40.6343;2.7153;0.2171;2017-05-11 05:17:16;0.0183;0.0047;44.6952;95;DESCENDING;S2B;4.4639;0.2764;33.6319;2.8310;0.2597;2017-05-11 05:17:16;0.0592;0.0187;44.6952;95;DESCENDING;S2B;2.4412;0.2903;29.9630;1.1759;0.3156;2017-05-11 05:17:16;0.0567;0.0057;44.6952;95;DESCENDING;S2B;;;;;0.1009;2017-05-11 05:17:16;0.0400;0.0135;44.6952;95;DESCENDING;S2B;;;;;0.3387
32;2017-05-12 17:06:23;0.0222;0.0099;42.4860;117;ASCENDING;S2B;3.6555;0.2127;46.8009;2.9253;0.4471;2017-05-12 17:06:23;0.0186;0.0068;42.4860;117;ASCENDING;S2B;4.5972;0.2572;39.3819;2.9643;0.3661;2017-05-12 17:06:23;0.0611;0.0184;42.4860;117;ASCENDING;S2B;2.6427;0.2624;35.2963;1.3716;0.3010;2017-05-12 17:06:23;0.0856;0.0086;42.4860;117;ASCENDING;S2B;;;;;0.1007;2017-05-12 17:06:23;0.0863;0.0191;42.4860;117;ASCENDING;S2B;;;;;0.2209
33;2017-05-13 16:58:55;0.0206;0.0116;33.3103;44;ASCENDING;S1A;3.6659;0.2068;50.7407;3.0594;0.5619;2017-05-13 16:58:55;0.0183;0.0070;33.3103;44;ASCENDING;S1A;4.6824;0.2636;43.0556;3.0494;0.3824;2017-05-13 16:58:55;0.0760;0.0134;33.3103;44;ASCENDING;S1A;2.7715;0.2565;38.7037;1.4966;0.1770;2017-05-13 16:58:55;0.0878;0.0116;33.3103;44;ASCENDING;S1A;;;;;0.1318;2017-05-13 16:58:55;0.1066;0.0145;33.3103;44;ASCENDING;S1A;;;;;0.1363
34;2017-05-16 05:25:36;0.0436;0.0122;35.9996;168;DESCENDING;S2B;3.6912;0.2365;60.8055;3.3868;0.2795;2017-05-16 05:25:36;0.0213;0.0085;35.9996;168;DESCENDING;S2B;4.8992;0.2955;52.2708;3.2619;0.3962;2017-05-16 05:25:36;0.0745;0.0231;35.9996;168;DESCENDING;S2B;3.0987;0.2851;47.3333;1.8156;0.3106;2017-05-16 05:25:36;0.0977;0.0116;35.9996;168;DESCENDING;S2B;;;;;0.1184;2017-05-16 05:25:36;0.2038;0.0265;35.9996;168;DESCENDING;S2B;;;;;0.1302
35;2017-05-17 05:18:06;0.0253;0.0096;44.6994;95;DESCENDING;S1A;3.6914;0.2143;63.0722;3.3903;0.3800;2017-05-17 05:18:06;0.0178;0.0049;44.6994;95;DESCENDING;S1A;4.9448;0.2753;53.5708;3.2867;0.2735;2017-05-17 05:18:06;0.0615;0.0162;44.6994;95;DESCENDING;S1A;3.1649;0.2555;48.9333;1.8855;0.2633;2017-05-17 05:18:06;0.0639;0.0080;44.6994;95;DESCENDING;S1A;;;;;0.1255;2017-05-17 05:18:06;0.0625;0.0060;44.6994;95;DESCENDING;S1A;;;;;0.0954
36;2017-05-18 17:07:07;0.0193;0.0078;42.4908;117;ASCENDING;S1A;3.6916;0.1892;66.4722;3.3954;0.4055;2017-05-18 17:07:07;0.0109;0.0045;42.4908;117;ASCENDING;S1A;5.0131;0.2502;55.5208;3.3239;0.4105;2017-05-18 17:07:07;0.0327;0.0177;42.4908;117;ASCENDING;S1A;3.2642;0.2116;51.3333;1.9902;0.5409;2017-05-18 17:07:07;0.1063;0.0159;42.4908;117;ASCENDING;S1A;;;;;0.1494;2017-05-18 17:07:07;0.0636;0.0054;42.4908;117;ASCENDING;S1A;;;;;0.0844
37;2017-05-19 16:58:09;0.0212;0.0081;33.3133;44;ASCENDING;S2B;3.6917;0.1851;68.6444;3.3987;0.3814;2017-05-19 16:58:09;0.0128;0.0062;33.3133;44;ASCENDING;S2B;5.0568;0.2505;56.7667;3.3477;0.4859;2017-05-19 16:58:09;0.0528;0.0190;33.3133;44;ASCENDING;S2B;3.3276;0.2037;52.8667;2.0571;0.3591;2017-05-19 16:58:09;0.1112;0.0111;33.3133;44;ASCENDING;S2B;;;;;0.0997;2017-05-19 16:58:09;0.2678;0.0052;33.3133;44;ASCENDING;S2B;;;;;0.0193
38;2017-05-22 05:26:16;0.0158;0.0048;35.9973;168;DESCENDING;S1A;3.6921;0.1745;74.4055;3.4075;0.3041;2017-05-22 05:26:16;0.0131;0.0078;35.9973;168;DESCENDING;S1A;5.1726;0.2608;60.0708;3.4107;0.5948;2017-05-22 05:26:16;0.0565;0.0152;35.9973;168;DESCENDING;S1A;3.4959;0.1925;56.9333;2.2345;0.2686;2017-05-22 05:26:16;0.0992;0.0133;35.9973;168;DESCENDING;S1A;;;;;0.1346;2017-05-22 05:26:16;0.0222;0.0057;35.9973;168;DESCENDING;S1A;;;;;0.2563
39;2017-05-23 05:17:16;0.0174;0.0062;44.6962;95;DESCENDING;S2B;3.6923;0.1693;76.6722;3.4109;0.3546;2017-05-23 05:17:16;0.0138;0.0038;44.6962;95;DESCENDING;S2B;5.2182;0.2601;61.3708;3.4355;0.2725;2017-05-23 05:17:16;0.0652;0.0140;44.6962;95;DESCENDING;S2B;3.5621;0.1816;58.5333;2.3043;0.2144;2017-05-23 05:17:16;0.0635;0.0112;44.6962;95;DESCENDING;S2B;;;;;0.1760;2017-05-23 05:17:16;0.0328;0.0023;44.6962;95;DESCENDING;S2B;;;;;0.0711
40;2017-05-24 17:06:24;0.0260;0.0063;42.4811;117;ASCENDING;S2B;3.6925;0.1655;80.0722;3.4161;0.2413;2017-05-24 17:06:24;0.0147;0.0035;42.4811;117;ASCENDING;S2B;5.2865;0.2527;63.3208;3.4728;0.2401;2017-05-24 17:06:24;0.0522;0.0089;42.4811;117;ASCENDING;S2B;3.6614;0.1672;60.9333;2.4090;0.1705;2017-05-24 17:06:24;0.0852;0.0160;42.4811;117;ASCENDING;S2B;;;;;0.1876;2017-05-24 17:06:24;0.0400;0.0037;42.4811;117;ASCENDING;S2B;;;;;0.0922
41;2017-05-25 16:58:50;0.0192;0.0106;33.3044;44;ASCENDING;S1A;3.6926;0.1649;82.2444;3.4194;0.5520;2017-05-25 16:58:50;0.0139;0.0062;33.3044;44;ASCENDING;S1A;5.3302;0.2532;64.5667;3.4965;0.4457;2017-05-25 16:58:50;0.0334;0.0110;33.3044;44;ASCENDING;S1A;3.7248;0.1646;62.4667;2.4759;0.3282;2017-05-25 16:58:50;0.1146;0.0198;33.3044;44;ASCENDING;S1A;;;;;0.1732;2017-05-25 16:58:50;0.0881;0.0052;33.3044;44;ASCENDING;S1A;;;;;0.0588
42;2017-05-28 05:25:37;0.0240;0.0093;36.0015;168;DESCENDING;S2B;3.6812;0.1522;88.0476;3.2242;0.3897;2017-05-28 05:25:37;0.0179;0.0067;36.0015;168;DESCENDING;S2B;5.6111;0.2505;69.6620;3.5344;0.3736;2017-05-28 05:25:37;0.0527;0.0099;36.0015;168;DESCENDING;S2B;3.8817;0.1482;69.2044;2.6469;0.1883;2017-05-28 05:25:37;0.0922;0.0138;36.0015;168;DESCENDING;S2B;;;;;0.1494;2017-05-28 05:25:37;0.0289;0.0045;36.0015;168;DESCENDING;S2B;;;;;0.1573
43;2017-05-29 05:17:53;0.0349;0.0091;44.7034;95;DESCENDING;S1A;3.6761;0.1495;90.3333;3.1353;0.2606;2017-05-29 05:17:53;0.0139;0.0039;44.7034;95;DESCENDING;S1A;5.7144;0.2481;71.6979;3.5456;0.2804;2017-05-29 05:17:53;0.0420;0.0105;44.7034;95;DESCENDING;S1A;3.9427;0.1437;72.0139;2.7138;0.2496;2017-05-29 05:17:53;0.0822;0.0164;44.7034;95;DESCENDING;S1A;;;;;0.1994;2017-05-29 05:17:53;0.0223;0.0030;44.7034;95;DESCENDING;S1A;;;;;0.1364
44;2017-05-30 17:07:07;0.0381;0.0130;42.4881;117;ASCENDING;S1A;3.6683;0.1505;93.7619;3.0020;0.3404;2017-05-30 17:07:07;0.0103;0.0039;42.4881;117;ASCENDING;S1A;5.7724;0.2382;74.3229;3.5501;0.3789;2017-05-30 17:07:07;0.0406;0.0080;42.4881;117;ASCENDING;S1A;4.0343;0.1418;76.2282;2.8142;0.1970;2017-05-30 17:07:07;0.1123;0.0245;42.4881;117;ASCENDING;S1A;;;;;0.2183;2017-05-30 17:07:07;0.0370;0.0035;42.4881;117;ASCENDING;S1A;;;;;0.0940
45;2017-05-31 16:58:06;0.0370;0.0121;33.3086;44;ASCENDING;S2B;3.6633;0.1848;95.9524;2.9168;0.3263;2017-05-31 16:58:06;0.0093;0.0062;33.3086;44;ASCENDING;S2B;5.8095;0.2538;76.0000;3.5529;0.6706;2017-05-31 16:58:06;0.0541;0.0173;33.3086;44;ASCENDING;S2B;4.0928;0.2075;78.9207;2.8783;0.3188;2017-05-31 16:58:06;0.0834;0.0132;33.3086;44;ASCENDING;S2B;;;;;0.1580;2017-05-31 16:58:06;0.1921;0.0072;33.3086;44;ASCENDING;S2B;;;;;0.0376
46;2017-06-03 05:26:03;0.0270;0.0102;36.0021;168;DESCENDING;S1A;3.6363;0.1545;97.7245;2.6885;0.3781;2017-06-03 05:26:03;0.0121;0.0064;36.0021;168;DESCENDING;S1A;5.8435;0.2483;78.4004;3.5827;0.5276;2017-06-03 05:26:03;0.0376;0.0150;36.0021;168;DESCENDING;S1A;4.2158;0.1723;84.6806;3.0111;0.3995;2017-06-03 05:26:03;0.0886;0.0162;36.0021;168;DESCENDING;S1A;;;;;0.1824;2017-06-03 05:26:03;0.0448;0.0054;36.0021;168;DESCENDING;S1A;;;;;0.1213
47;2017-06-04 05:17:17;0.0426;0.0172;44.7040;95;DESCENDING;S2B;3.6197;0.2342;96.6690;2.5977;0.4027;2017-06-04 05:17:17;0.0205;0.0062;44.7040;95;DESCENDING;S2B;5.8289;0.2955;78.4560;3.6041;0.3045;2017-06-04 05:17:17;0.0514;0.0193;44.7040;95;DESCENDING;S2B;4.2502;0.2707;86.3473;3.0471;0.3759;2017-06-04 05:17:17;0.0694;0.0128;44.7040;95;DESCENDING;S2B;;;;;0.1844;2017-06-04 05:17:17;0.0933;0.0065;44.7040;95;DESCENDING;S2B;;;;;0.0698
48;2017-06-05 17:06:25;0.0566;0.0182;42.4868;117;ASCENDING;S2B;3.5947;0.1869;95.0857;2.4614;0.3215;2017-06-05 17:06:25;0.0157;0.0072;42.4868;117;ASCENDING;S2B;5.8071;0.2635;78.5394;3.6361;0.4571;2017-06-05 17:06:25;0.0454;0.0249;42.4868;117;ASCENDING;S2B;4.3018;0.2247;88.8473;3.1012;0.5491;2017-06-05 17:06:25;0.0843;0.0097;42.4868;117;ASCENDING;S2B;;;;;0.1152;2017-06-05 17:06:25;0.1193;0.0062;42.4868;117;ASCENDING;S2B;;;;;0.0521
49;2017-06-06 16:58:51;0.0453;0.0188;33.3087;44;ASCENDING;S1A;3.5788;0.2950;94.0741;2.3743;0.4164;2017-06-06 16:58:51;0.0167;0.0058;33.3087;44;ASCENDING;S1A;5.7931;0.3244;78.5926;3.6566;0.3479;2017-06-06 16:58:51;0.0361;0.0166;33.3087;44;ASCENDING;S1A;4.3347;0.2997;90.4445;3.1358;0.4612;2017-06-06 16:58:51;0.1220;0.0135;33.3087;44;ASCENDING;S1A;;;;;0.1107;2017-06-06 16:58:51;0.2399;0.0116;33.3087;44;ASCENDING;S1A;;;;;0.0486
50;2017-06-09 05:25:29;0.0423;0.0142;35.9932;168;DESCENDING;S2B;3.5068;0.1946;92.4250;2.2256;0.3364;2017-06-09 05:25:29;0.0134;0.0071;35.9932;168;DESCENDING;S2B;5.7105;0.2623;80.0361;3.7413;0.5307;2017-06-09 05:25:29;0.0407;0.0195;35.9932;168;DESCENDING;S2B;4.3919;0.2308;92.7472;3.1898;0.4792;2017-06-09 05:25:29;0.0928;0.0109;35.9932;168;DESCENDING;S2B;0.3503;0.1841;32.0139;0.1122;0.1173;2017-06-09 05:25:29;0.0643;0.0063;35.9932;168;DESCENDING;S2B;0.3907;0.1373;27.6361;0.0921;0.0984
51;2017-06-10 05:17:54;0.0435;0.0152;44.6965;95;DESCENDING;S1A;3.4656;0.2378;92.2250;2.2027;0.3488;2017-06-10 05:17:54;0.0157;0.0045;44.6965;95;DESCENDING;S1A;5.6582;0.2572;81.1694;3.7878;0.2865;2017-06-10 05:17:54;0.0506;0.0142;44.6965;95;DESCENDING;S1A;4.4013;0.2256;92.8139;3.1946;0.2804;2017-06-10 05:17:54;0.0844;0.0104;44.6965;95;DESCENDING;S1A;0.3735;0.1999;33.6805;0.1228;0.1237;2017-06-10 05:17:54;0.0571;0.0066;44.6965;95;DESCENDING;S1A;0.3990;0.1370;30.3694;0.0778;0.1158
52;2017-06-11 17:07:08;0.0520;0.0125;42.4849;117;ASCENDING;S1A;3.4038;0.1669;91.9250;2.1684;0.2401;2017-06-11 17:07:08;0.0247;0.0054;42.4849;117;ASCENDING;S1A;5.5797;0.2409;82.8694;3.8575;0.2188;2017-06-11 17:07:08;0.0502;0.0113;42.4849;117;ASCENDING;S1A;4.4154;0.1917;92.9139;3.2019;0.2247;2017-06-11 17:07:08;0.0961;0.0207;42.4849;117;ASCENDING;S1A;0.4081;0.1946;36.1805;0.1388;0.2156;2017-06-11 17:07:08;0.0448;0.0064;42.4849;117;ASCENDING;S1A;0.4114;0.1317;34.4694;0.0563;0.1434
53;2017-06-12 16:58:07;0.0555;0.0164;33.3084;44;ASCENDING;S2B;3.3643;0.1592;91.7334;2.1464;0.2958;2017-06-12 16:58:07;0.0146;0.0055;33.3084;44;ASCENDING;S2B;5.5295;0.2422;83.9555;3.9021;0.3743;2017-06-12 16:58:07;0.0510;0.0127;33.3084;44;ASCENDING;S2B;4.4244;0.1819;92.9778;3.2066;0.2498;2017-06-12 16:58:07;0.1298;0.0196;33.3084;44;ASCENDING;S2B;0.4303;0.1839;37.7777;0.1490;0.1508;2017-06-12 16:58:07;0.0791;0.0083;33.3084;44;ASCENDING;S2B;0.4193;0.1266;37.0889;0.0426;0.1045
54;2017-06-15 05:26:03;0.0584;0.0141;36.0019;168;DESCENDING;S1A;3.2319;0.1388;91.4213;2.0902;0.2420;2017-06-15 05:26:03;0.0183;0.0052;36.0019;168;DESCENDING;S1A;5.3994;0.2425;85.3148;3.9697;0.2861;2017-06-15 05:26:03;0.0536;0.0128;36.0019;168;DESCENDING;S1A;4.3957;0.1578;92.5093;3.1655;0.2397;2017-06-15 05:26:03;0.0974;0.0193;36.0019;168;DESCENDING;S1A;0.4858;0.1615;48.6389;0.2731;0.1983;2017-06-15 05:26:03;0.0467;0.0107;36.0019;168;DESCENDING;S1A;0.5727;0.1184;47.4468;0.2579;0.2300
55;2017-06-16 05:17:18;0.0604;0.0192;44.7010;95;DESCENDING;S2B;3.1781;0.1983;91.3102;2.0682;0.3181;2017-06-16 05:17:18;0.0218;0.0055;44.7010;95;DESCENDING;S2B;5.3483;0.2385;85.7592;3.9933;0.2519;2017-06-16 05:17:18;0.0651;0.0171;44.7010;95;DESCENDING;S2B;4.3813;0.2184;92.2871;3.1462;0.2634;2017-06-16 05:17:18;0.0849;0.0177;44.7010;95;DESCENDING;S2B;0.5074;0.1536;53.3055;0.3277;0.2081;2017-06-16 05:17:18;0.0790;0.0177;44.7010;95;DESCENDING;S2B;0.6410;0.1169;51.7246;0.3576;0.2238
56;2017-06-17 17:06:26;0.1254;0.0243;42.4893;117;ASCENDING;S2B;3.0974;0.1439;91.1435;2.0351;0.1933;2017-06-17 17:06:26;0.0277;0.0055;42.4893;117;ASCENDING;S2B;5.2717;0.2276;86.4259;4.0287;0.2005;2017-06-17 17:06:26;0.0755;0.0143;42.4893;117;ASCENDING;S2B;4.3597;0.1794;91.9537;3.1173;0.1897;2017-06-17 17:06:26;0.0866;0.0275;42.4893;117;ASCENDING;S2B;0.5399;0.1479;60.3055;0.4097;0.3178;2017-06-17 17:06:26;0.0648;0.0110;42.4893;117;ASCENDING;S2B;0.7433;0.1170;58.1412;0.5071;0.1699
57;2017-06-18 16:58:51;0.0863;0.0181;33.3115;44;ASCENDING;S1A;3.0459;0.1398;91.0370;2.0140;0.2093;2017-06-18 16:58:51;0.0211;0.0070;33.3115;44;ASCENDING;S1A;5.2228;0.2294;86.8518;4.0513;0.3348;2017-06-18 16:58:51;0.0503;0.0162;33.3115;44;ASCENDING;S1A;4.3459;0.1704;91.7408;3.0987;0.3221;2017-06-18 16:58:51;0.1146;0.0237;33.3115;44;ASCENDING;S1A;0.5606;0.1463;64.7777;0.4620;0.2067;2017-06-18 16:58:51;0.0582;0.0100;33.3115;44;ASCENDING;S1A;0.8087;0.1173;62.2408;0.6027;0.1709
58;2017-06-21 05:25:30;0.0799;0.0300;35.9989;168;DESCENDING;S2B;2.9045;0.1543;89.1071;1.7913;0.3760;2017-06-21 05:25:30;0.0234;0.0091;35.9989;168;DESCENDING;S2B;5.1271;0.2278;86.4742;3.9859;0.3887;2017-06-21 05:25:30;0.0562;0.0252;35.9989;168;DESCENDING;S2B;4.2553;0.1505;91.3512;3.0041;0.4493;2017-06-21 05:25:30;0.1132;0.0207;35.9989;168;DESCENDING;S2B;0.6442;0.1420;76.4285;0.6841;0.1831;2017-06-21 05:25:30;0.0776;0.0178;35.9989;168;DESCENDING;S2B;1.0709;0.1053;78.0734;0.9474;0.2293
59;2017-06-22 05:17:55;0.1168;0.0328;44.6950;95;DESCENDING;S1A;2.8486;0.1292;88.2500;1.6937;0.2810;2017-06-22 05:17:55;0.0403;0.0087;44.6950;95;DESCENDING;S1A;5.0915;0.2264;86.2361;3.9527;0.2166;2017-06-22 05:17:55;0.0472;0.0167;44.6950;95;DESCENDING;S1A;4.2164;0.1467;91.2084;2.9642;0.3544;2017-06-22 05:17:55;0.0741;0.0191;44.6950;95;DESCENDING;S1A;0.6788;0.1295;81.0000;0.7764;0.2582;2017-06-22 05:17:55;0.0890;0.0177;44.6950;95;DESCENDING;S1A;1.1793;0.1005;84.5972;1.0884;0.1985
60;2017-06-23 17:07:09;0.1768;0.0487;42.4832;117;ASCENDING;S1A;2.7647;0.1311;86.9643;1.5474;0.2753;2017-06-23 17:07:09;0.0389;0.0107;42.4832;117;ASCENDING;S1A;5.0380;0.2170;85.8789;3.9030;0.2754;2017-06-23 17:07:09;0.0801;0.0169;42.4832;117;ASCENDING;S1A;4.1581;0.1420;90.9941;2.9042;0.2114;2017-06-23 17:07:09;0.1240;0.0358;42.4832;117;ASCENDING;S1A;0.7307;0.1430;87.8571;0.9149;0.2886;2017-06-23 17:07:09;0.1155;0.0224;42.4832;117;ASCENDING;S1A;1.3420;0.1006;94.3829;1.3000;0.1940
61;2017-06-24 16:58:08;0.1879;0.0404;33.3015;44;ASCENDING;S2B;2.7111;0.1294;86.1429;1.4539;0.2148;2017-06-24 16:58:08;0.0372;0.0113;33.3015;44;ASCENDING;S2B;5.0039;0.2158;85.6508;3.8711;0.3053;2017-06-24 16:58:08;0.0537;0.0160;33.3015;44;ASCENDING;S2B;4.1208;0.1399;90.8572;2.8660;0.2979;2017-06-24 16:58:08;0.1333;0.0267;33.3015;44;ASCENDING;S2B;0.7639;0.1386;92.2381;1.0034;0.2004;2017-06-24 16:58:08;0.1144;0.0199;33.3015;44;ASCENDING;S2B;1.4459;0.0980;100.6349;1.4351;0.1739
62;2017-06-27 05:26:04;0.1210;0.0452;35.9972;168;DESCENDING;S1A;2.5916;0.1271;84.7986;1.2121;0.3732;2017-06-27 05:26:04;0.0367;0.0121;35.9972;168;DESCENDING;S1A;4.9330;0.2237;84.8903;3.7292;0.3311;2017-06-27 05:26:04;0.0519;0.0186;35.9972;168;DESCENDING;S1A;4.0016;0.1463;90.2236;2.7483;0.3592;2017-06-27 05:26:04;0.1366;0.0282;35.9972;168;DESCENDING;S1A;0.8587;0.1379;106.7916;1.2409;0.2062;2017-06-27 05:26:04;0.1879;0.0361;35.9972;168;DESCENDING;S1A;1.7075;0.0945;119.2014;1.7643;0.1922
63;2017-06-28 05:17:18;0.1126;0.0419;44.7010;95;DESCENDING;S2B;2.5544;0.1476;84.6319;1.1196;0.3720;2017-06-28 05:17:18;0.0523;0.0164;44.7010;95;DESCENDING;S2B;4.9136;0.2459;84.5236;3.6483;0.3142;2017-06-28 05:17:18;0.0818;0.0185;44.7010;95;DESCENDING;S2B;3.9458;0.1887;89.8570;2.6950;0.2258;2017-06-28 05:17:18;0.1153;0.0190;44.7010;95;DESCENDING;S2B;0.8989;0.1876;113.7916;1.3356;0.1650;2017-06-28 05:17:18;0.1580;0.0313;44.7010;95;DESCENDING;S2B;1.8044;0.0990;127.3680;1.8810;0.1981
64;2017-06-29 17:06:26;0.1342;0.0477;42.4867;117;ASCENDING;S2B;2.4986;0.2111;84.3819;0.9810;0.3551;2017-06-29 17:06:26;0.0628;0.0161;42.4867;117;ASCENDING;S2B;4.8845;0.2883;83.9736;3.5269;0.2561;2017-06-29 17:06:26;0.1196;0.0271;42.4867;117;ASCENDING;S2B;3.8621;0.2434;89.3070;2.6150;0.2263;2017-06-29 17:06:26;0.1124;0.0194;42.4867;117;ASCENDING;S2B;0.9593;0.2170;124.2916;1.4776;0.1727;2017-06-29 17:06:26;0.1667;0.0275;42.4867;117;ASCENDING;S2B;1.9496;0.1215;139.6180;2.0561;0.1652
65;2017-06-30 16:58:52;0.1319;0.0334;33.3104;44;ASCENDING;S1A;2.4630;0.1736;84.2222;0.8924;0.2528;2017-06-30 16:58:52;0.0370;0.0138;33.3104;44;ASCENDING;S1A;4.8660;0.2566;83.6222;3.4494;0.3729;2017-06-30 16:58:52;0.0836;0.0243;33.3104;44;ASCENDING;S1A;3.8087;0.2103;88.9556;2.5640;0.2906;2017-06-30 16:58:52;0.0987;0.0130;33.3104;44;ASCENDING;S1A;0.9979;0.1918;131.0000;1.5684;0.1312;2017-06-30 16:58:52;0.1291;0.0213;33.3104;44;ASCENDING;S1A;2.0424;0.1136;147.4444;2.1680;0.1651
66;2017-07-03 05:25:30;0.0833;0.0228;36.0030;168;DESCENDING;S2B;2.3685;0.1497;83.7986;0.6574;0.2732;2017-07-03 05:25:30;0.0364;0.0131;36.0030;168;DESCENDING;S2B;4.8167;0.2453;82.6903;3.2438;0.3599;2017-07-03 05:25:30;0.0743;0.0259;36.0030;168;DESCENDING;S2B;3.6669;0.1850;88.0236;2.4285;0.3494;2017-07-03 05:25:30;0.0898;0.0180;36.0030;168;DESCENDING;S2B;1.1003;0.2382;148.7916;1.8091;0.2002;2017-07-03 05:25:30;0.0914;0.0190;36.0030;168;DESCENDING;S2B;2.2886;0.1010;168.2014;2.4647;0.2074
67;2017-07-04 05:17:55;0.0773;0.0276;44.7015;95;DESCENDING;S1A;2.3313;0.1372;83.6319;0.5649;0.3566;2017-07-04 05:17:55;0.0558;0.0148;44.7015;95;DESCENDING;S1A;4.7973;0.2344;82.3236;3.1629;0.2648;2017-07-04 05:17:55;0.1057;0.0301;44.7015;95;DESCENDING;S1A;3.6111;0.1760;87.6570;2.3752;0.2848;2017-07-04 05:17:55;0.0591;0.0125;44.7015;95;DESCENDING;S1A;1.1405;0.1836;155.7916;1.9037;0.2122;2017-07-04 05:17:55;0.0950;0.0162;44.7015;95;DESCENDING;S1A;2.3854;0.1002;176.3680;2.5814;0.1709
68;2017-07-05 17:07:09;0.0949;0.0235;42.4817;117;ASCENDING;S1A;2.2755;0.1351;83.3819;0.4263;0.2474;2017-07-05 17:07:09;0.0818;0.0244;42.4817;117;ASCENDING;S1A;4.7683;0.2140;81.7736;3.0416;0.2986;2017-07-05 17:07:09;0.1093;0.0427;42.4817;117;ASCENDING;S1A;3.5275;0.1651;87.1069;2.2952;0.3904;2017-07-05 17:07:09;0.1111;0.0214;42.4817;117;ASCENDING;S1A;1.2010;0.1752;166.2916;2.0458;0.1931;2017-07-05 17:07:09;0.1276;0.0247;42.4817;117;ASCENDING;S1A;2.5307;0.1002;188.6181;2.7566;0.1933
69;2017-07-06 16:58:08;0.1229;0.0194;33.3019;44;ASCENDING;S2B;2.2481;0.1325;83.0303;0.3894;0.1576;2017-07-06 16:58:08;0.0561;0.0200;33.3019;44;ASCENDING;S2B;4.7475;0.2083;81.5455;2.9355;0.3567;2017-07-06 16:58:08;0.0893;0.0370;33.3019;44;ASCENDING;S2B;3.4566;0.1591;86.0505;2.2277;0.4140;2017-07-06 16:58:08;0.0971;0.0228;33.3019;44;ASCENDING;S2B;1.2431;0.1716;171.4646;2.1352;0.2347;2017-07-06 16:58:08;0.1058;0.0211;33.3019;44;ASCENDING;S2B;2.6159;0.0967;195.5050;2.8652;0.1990
70;2017-07-09 05:26:05;0.0693;0.0116;35.9964;168;DESCENDING;S1A;2.1850;0.1274;81.8750;0.3515;0.1678;2017-07-09 05:26:05;0.0993;0.0166;35.9964;168;DESCENDING;S1A;4.6899;0.2127;81.0834;2.6209;0.1670;2017-07-09 05:26:05;0.0842;0.0453;35.9964;168;DESCENDING;S1A;3.2486;0.1269;82.4305;2.0296;0.5382;2017-07-09 05:26:05;0.0803;0.0210;35.9964;168;DESCENDING;S1A;1.3592;0.1643;183.4028;2.3706;0.2618;2017-07-09 05:26:05;0.0790;0.0197;35.9964;168;DESCENDING;S1A;2.8334;0.0879;212.6805;3.1497;0.2495
71;2017-07-10 05:17:19;0.1824;0.0334;44.6970;95;DESCENDING;S2B;2.1601;0.1798;81.4204;0.3366;0.1829;2017-07-10 05:17:19;0.1012;0.0246;44.6970;95;DESCENDING;S2B;4.6673;0.2288;80.9015;2.4971;0.2430;2017-07-10 05:17:19;0.1291;0.0310;44.6970;95;DESCENDING;S2B;3.1667;0.1428;81.0063;1.9516;0.2399;2017-07-10 05:17:19;0.0962;0.0276;44.6970;95;DESCENDING;S2B;1.4049;0.2148;188.0997;2.4632;0.2870;2017-07-10 05:17:19;0.1089;0.0182;44.6970;95;DESCENDING;S2B;2.9190;0.0846;219.4381;3.2616;0.1669
72;2017-07-11 17:06:27;0.0973;0.0140;42.4846;117;ASCENDING;S2B;2.1229;0.1834;80.7386;0.3143;0.1443;2017-07-11 17:06:27;0.1081;0.0220;42.4846;117;ASCENDING;S2B;4.6333;0.2184;80.6288;2.3114;0.2038;2017-07-11 17:06:27;0.1837;0.0513;42.4846;117;ASCENDING;S2B;3.0439;0.1567;78.8699;1.8347;0.2795;2017-07-11 17:06:27;0.1136;0.0300;42.4846;117;ASCENDING;S2B;1.4734;0.1891;195.1452;2.6021;0.2639;2017-07-11 17:06:27;0.1283;0.0216;42.4846;117;ASCENDING;S2B;3.0473;0.0867;229.5745;3.4295;0.1685
73;2017-07-12 16:58:53;0.1172;0.0167;33.3062;44;ASCENDING;S1A;2.0991;0.2027;80.3030;0.3000;0.1430;2017-07-12 16:58:53;0.0884;0.0221;33.3062;44;ASCENDING;S1A;4.6116;0.2289;80.4546;2.1928;0.2499;2017-07-12 16:58:53;0.1847;0.0503;33.3062;44;ASCENDING;S1A;2.9654;0.1915;77.5050;1.7600;0.2722;2017-07-12 16:58:53;0.1615;0.0285;33.3062;44;ASCENDING;S1A;1.5172;0.2141;199.6465;2.6909;0.1764;2017-07-12 16:58:53;0.1771;0.0217;33.3062;44;ASCENDING;S1A;3.1293;0.0856;236.0505;3.5368;0.1226
74;2017-07-15 05:25:31;0.1257;0.0355;36.0012;168;DESCENDING;S2B;2.0359;0.2151;79.1477;0.2622;0.2824;2017-07-15 05:25:31;0.0990;0.0346;36.0012;168;DESCENDING;S2B;4.5540;0.2494;79.9925;1.8782;0.3493;2017-07-15 05:25:31;0.1203;0.0428;36.0012;168;DESCENDING;S2B;2.7574;0.1960;73.8851;1.5619;0.3556;2017-07-15 05:25:31;0.1288;0.0279;36.0012;168;DESCENDING;S2B;1.6333;0.2347;211.5846;2.9263;0.2163;2017-07-15 05:25:31;0.0859;0.0171;36.0012;168;DESCENDING;S2B;3.3468;0.0813;253.2260;3.8213;0.1993
75;2017-07-16 05:17:56;0.0519;0.0092;44.7029;95;DESCENDING;S1A;2.0111;0.1935;78.6931;0.2473;0.1779;2017-07-16 05:17:56;0.0665;0.0192;44.7029;95;DESCENDING;S1A;4.5313;0.2306;79.8106;1.7544;0.2883;2017-07-16 05:17:56;0.1100;0.0461;44.7029;95;DESCENDING;S1A;2.6755;0.1932;72.4608;1.4839;0.4190;2017-07-16 05:17:56;0.0891;0.0178;44.7029;95;DESCENDING;S1A;1.6789;0.1968;216.2816;3.0190;0.2003;2017-07-16 05:17:56;0.0684;0.0161;44.7029;95;DESCENDING;S1A;3.4324;0.0817;259.9836;3.9332;0.2361
76;2017-07-17 17:07:10;0.0646;0.0124;42.4886;117;ASCENDING;S1A;;;;;0.1916;2017-07-17 17:07:10;0.0607;0.0136;42.4886;117;ASCENDING;S1A;;0.2155;;;0.2237;2017-07-17 17:07:10;0.1443;0.0400;42.4886;117;ASCENDING;S1A;;0.1796;;;0.2774;2017-07-17 17:07:10;0.1237;0.0223;42.4886;117;ASCENDING;S1A;1.7439;0.1770;220.4508;3.1383;0.1806;2017-07-17 17:07:10;0.0746;0.0248;42.4886;117;ASCENDING;S1A;3.5425;0.0870;266.9861;4.0954;0.3324
77;2017-07-18 16:58:09;0.0673;0.0078;33.3135;44;ASCENDING;S2B;;;;;0.1159;2017-07-18 16:58:09;0.0585;0.0135;33.3135;44;ASCENDING;S2B;;0.2135;;;0.2304;2017-07-18 16:58:09;0.0858;0.0237;33.3135;44;ASCENDING;S2B;;0.1747;;;0.2756;2017-07-18 16:58:09;0.1255;0.0161;33.3135;44;ASCENDING;S2B;1.7829;0.1708;221.0606;3.2005;0.1285;2017-07-18 16:58:09;0.1014;0.0197;33.3135;44;ASCENDING;S2B;3.5999;0.0875;269.2222;4.1949;0.1946
78;2017-07-21 05:26:05;0.0760;0.0128;35.9996;168;DESCENDING;S1A;;;;;0.1688;2017-07-21 05:26:05;0.1284;0.0361;35.9996;168;DESCENDING;S1A;;;;;0.2814;2017-07-21 05:26:05;0.0918;0.0454;35.9996;168;DESCENDING;S1A;;;;;0.4943;2017-07-21 05:26:05;0.1218;0.0251;35.9996;168;DESCENDING;S1A;1.8863;0.1632;222.6780;3.3656;0.2062;2017-07-21 05:26:05;0.0978;0.0305;35.9996;168;DESCENDING;S1A;3.7522;0.0798;275.1528;4.4589;0.3115
79;2017-07-22 05:17:20;0.0781;0.0115;44.6973;95;DESCENDING;S2B;;;;;0.1468;2017-07-22 05:17:20;0.0343;0.0054;44.6973;95;DESCENDING;S2B;;;;;0.1577;2017-07-22 05:17:20;0.0624;0.0140;44.6973;95;DESCENDING;S2B;;;;;0.2250;2017-07-22 05:17:20;0.0933;0.0161;44.6973;95;DESCENDING;S2B;1.9269;0.1442;223.3144;3.4305;0.1723;2017-07-22 05:17:20;0.0349;0.0148;44.6973;95;DESCENDING;S2B;3.8121;0.0788;277.4861;4.5628;0.4247
80;2017-07-23 17:06:28;0.0829;0.0131;42.4838;117;ASCENDING;S2B;;;;;0.1584;2017-07-23 17:06:28;0.0559;0.0128;42.4838;117;ASCENDING;S2B;;;;;0.2295;2017-07-23 17:06:28;0.0963;0.0182;42.4838;117;ASCENDING;S2B;;;;;0.1890;2017-07-23 17:06:28;0.1130;0.0154;42.4838;117;ASCENDING;S2B;1.9879;0.1709;224.2689;3.5279;0.1362;2017-07-23 17:06:28;0.0851;0.0177;42.4838;117;ASCENDING;S2B;3.9019;0.0773;280.9861;4.7186;0.2082
81;2017-07-24 16:58:53;0.1683;0.0247;33.3044;44;ASCENDING;S1A;;;;;0.1467;2017-07-24 16:58:53;0.1784;0.0497;33.3044;44;ASCENDING;S1A;;;;;0.2785;2017-07-24 16:58:53;0.1500;0.0362;33.3044;44;ASCENDING;S1A;;;;;0.2414;2017-07-24 16:58:53;0.1206;0.0175;33.3044;44;ASCENDING;S1A;2.0269;0.2125;224.8788;3.5901;0.1452;2017-07-24 16:58:53;0.1008;0.0212;33.3044;44;ASCENDING;S1A;3.9593;0.0752;283.2222;4.8182;0.2102
82;2017-07-27 05:25:32;0.1531;0.0432;35.9980;168;DESCENDING;S2B;;;;;0.2823;2017-07-27 05:25:32;0.1252;0.0406;35.9980;168;DESCENDING;S2B;;;;;0.3242;2017-07-27 05:25:32;0.0833;0.0361;35.9980;168;DESCENDING;S2B;;;;;0.4337;2017-07-27 05:25:32;0.0839;0.0226;35.9980;168;DESCENDING;S2B;2.1303;0.2562;226.4962;3.7552;0.2693;2017-07-27 05:25:32;0.0801;0.0197;35.9980;168;DESCENDING;S2B;4.1116;0.1138;289.1528;5.0822;0.2460
83;2017-07-28 05:17:57;0.0849;0.0245;44.6992;95;DESCENDING;S1A;;;;;0.2888;2017-07-28 05:17:57;0.1238;0.0337;44.6992;95;DESCENDING;S1A;;;;;0.2721;2017-07-28 05:17:57;0.0778;0.0319;44.6992;95;DESCENDING;S1A;;;;;0.4102;2017-07-28 05:17:57;0.0931;0.0151;44.6992;95;DESCENDING;S1A;2.1665;0.2753;226.7049;3.8093;0.1621;2017-07-28 05:17:57;0.0559;0.0175;44.6992;95;DESCENDING;S1A;4.1625;0.1233;290.8148;5.1780;0.3138
84;2017-07-29 17:07:11;0.0746;0.0139;42.4882;117;ASCENDING;S1A;;;;;0.1871;2017-07-29 17:07:11;0.0705;0.0112;42.4882;117;ASCENDING;S1A;;;;;0.1596;2017-07-29 17:07:11;0.1029;0.0141;42.4882;117;ASCENDING;S1A;;;;;0.1366;2017-07-29 17:07:11;0.1207;0.0219;42.4882;117;ASCENDING;S1A;2.1950;0.2162;224.5799;3.8290;0.1814;2017-07-29 17:07:11;0.0901;0.0239;42.4882;117;ASCENDING;S1A;4.1877;0.1148;289.4815;5.2761;0.2648
85;2017-07-30 16:58:10;0.1111;0.0152;33.3099;44;ASCENDING;S2B;;;;;0.1370;2017-07-30 16:58:10;0.1106;0.0103;33.3099;44;ASCENDING;S2B;;;;;0.0929;2017-07-30 16:58:10;0.1864;0.0137;33.3099;44;ASCENDING;S2B;;;;;0.0734;2017-07-30 16:58:10;0.1263;0.0149;33.3099;44;ASCENDING;S2B;2.2132;0.1995;223.2222;3.8415;0.1180;2017-07-30 16:58:10;0.1022;0.0181;33.3099;44;ASCENDING;S2B;4.2038;0.1114;288.6296;5.3388;0.1774
86;2017-08-02 05:26:06;0.1658;0.0280;35.9980;168;DESCENDING;S1A;;;;;0.1688;2017-08-02 05:26:06;0.0795;0.0242;35.9980;168;DESCENDING;S1A;;;;;0.3045;2017-08-02 05:26:06;0.1260;0.0415;35.9980;168;DESCENDING;S1A;;;;;0.3292;2017-08-02 05:26:06;0.0814;0.0271;35.9980;168;DESCENDING;S1A;2.2615;0.3135;219.6215;3.8748;0.3324;2017-08-02 05:26:06;0.0802;0.0192;35.9980;168;DESCENDING;S1A;4.2466;0.1132;286.3704;5.5051;0.2398
87;2017-08-03 05:17:21;0.0812;0.0090;44.7005;95;DESCENDING;S2B;;;;;0.1112;2017-08-03 05:17:21;0.0502;0.0057;44.7005;95;DESCENDING;S2B;;;;;0.1133;2017-08-03 05:17:21;0.0448;0.0124;44.7005;95;DESCENDING;S2B;;;;;0.2776;2017-08-03 05:17:21;0.0958;0.0209;44.7005;95;DESCENDING;S2B;2.2806;0.2293;218.2049;3.8879;0.2182;2017-08-03 05:17:21;0.1098;0.0235;44.7005;95;DESCENDING;S2B;4.2634;0.1145;285.4815;5.5705;0.2144
88;2017-08-04 17:06:28;0.0906;0.0099;42.4842;117;ASCENDING;S2B;;;;;0.1088;2017-08-04 17:06:28;0.0499;0.0051;42.4842;117;ASCENDING;S2B;;;;;0.1028;2017-08-04 17:06:28;0.1166;0.0074;42.4842;117;ASCENDING;S2B;;;;;0.0632;2017-08-04 17:06:28;0.0791;0.0182;42.4842;117;ASCENDING;S2B;2.3091;0.2257;216.0799;3.9075;0.2306;2017-08-04 17:06:28;0.0764;0.0216;42.4842;117;ASCENDING;S2B;4.2886;0.1129;284.1481;5.6686;0.2825
89;2017-08-05 16:58:54;0.1378;0.0120;33.3057;44;ASCENDING;S1A;;;;;0.0870;2017-08-05 16:58:54;0.0802;0.0067;33.3057;44;ASCENDING;S1A;;;;;0.0840;2017-08-05 16:58:54;0.0917;0.0114;33.3057;44;ASCENDING;S1A;;;;;0.1243;2017-08-05 16:58:54;0.0928;0.0178;33.3057;44;ASCENDING;S1A;2.3273;0.2047;214.7222;3.9201;0.1922;2017-08-05 16:58:54;0.1025;0.0231;33.3057;44;ASCENDING;S1A;4.3047;0.1101;283.2963;5.7313;0.2251
90;2017-08-08 05:25:33;0.0917;0.0116;35.9944;168;DESCENDING;S2B;;;;;0.1263;2017-08-08 05:25:33;0.0519;0.0106;35.9944;168;DESCENDING;S2B;;;;;0.2045;2017-08-08 05:25:33;0.0720;0.0088;35.9944;168;DESCENDING;S2B;;;;;0.1218;2017-08-08 05:25:33;0.1084;0.0284;35.9944;168;DESCENDING;S2B;2.3756;0.1886;211.1215;3.9533;0.2622;2017-08-08 05:25:33;0.1320;0.0277;35.9944;168;DESCENDING;S2B;4.3475;0.1024;281.0370;5.8975;0.2101
91;2017-08-09 05:17:57;0.0830;0.0320;44.6951;95;DESCENDING;S1A;;;;;0.3848;2017-08-09 05:17:57;0.0900;0.0263;44.6951;95;DESCENDING;S1A;;;;;0.2921;2017-08-09 05:17:57;0.1102;0.0300;44.6951;95;DESCENDING;S1A;;;;;0.2722;2017-08-09 05:17:57;0.0919;0.0291;44.6951;95;DESCENDING;S1A;2.3892;0.2517;210.2160;3.9566;0.3164;2017-08-09 05:17:57;0.0757;0.0262;44.6951;95;DESCENDING;S1A;4.3544;0.1085;280.2021;5.9529;0.3461
92;2017-08-10 17:07:12;0.1015;0.0304;42.4848;117;ASCENDING;S1A;;;;;0.2994;2017-08-10 17:07:12;0.1157;0.0250;42.4848;117;ASCENDING;S1A;;;;;0.2162;2017-08-10 17:07:12;0.1538;0.0189;42.4848;117;ASCENDING;S1A;;;;;0.1231;2017-08-10 17:07:12;0.1600;0.0343;42.4848;117;ASCENDING;S1A;2.3785;0.2560;211.7716;3.9056;0.2143;2017-08-10 17:07:12;0.1176;0.0300;42.4848;117;ASCENDING;S1A;4.3082;0.1167;279.2577;5.9785;0.2554
93;2017-08-11 16:58:10;0.1251;0.0279;33.3080;44;ASCENDING;S2B;;;;;0.2232;2017-08-11 16:58:10;0.2061;0.0315;33.3080;44;ASCENDING;S2B;;;;;0.1529;2017-08-11 16:58:10;0.1970;0.0191;33.3080;44;ASCENDING;S2B;;;;;0.0971;2017-08-11 16:58:10;0.1253;0.0279;33.3080;44;ASCENDING;S2B;2.3717;0.2847;212.7654;3.8730;0.2226;2017-08-11 16:58:10;0.0765;0.0288;33.3080;44;ASCENDING;S2B;4.2786;0.1330;278.6543;5.9948;0.3764
94;2017-08-14 05:26:07;0.0947;0.0142;36.0025;168;DESCENDING;S1A;;;;;0.1497;2017-08-14 05:26:07;0.1407;0.0174;36.0025;168;DESCENDING;S1A;;;;;0.1239;2017-08-14 05:26:07;0.1704;0.0125;36.0025;168;DESCENDING;S1A;;;;;0.0735;2017-08-14 05:26:07;0.1490;0.0264;36.0025;168;DESCENDING;S1A;2.3536;0.2550;215.4012;3.7866;0.1769;2017-08-14 05:26:07;0.1221;0.0336;36.0025;168;DESCENDING;S1A;4.2003;0.1305;277.0540;6.0382;0.2755
95;2017-08-15 05:17:21;0.0583;0.0075;44.7064;95;DESCENDING;S2B;;;;;0.1289;2017-08-15 05:17:21;0.0588;0.0083;44.7064;95;DESCENDING;S2B;;;;;0.1413;2017-08-15 05:17:21;0.0568;0.0058;44.7064;95;DESCENDING;S2B;;;;;0.1026;2017-08-15 05:17:21;0.1052;0.0230;44.7064;95;DESCENDING;S2B;2.3465;0.2202;216.4382;3.7526;0.2186;2017-08-15 05:17:21;0.1195;0.0358;44.7064;95;DESCENDING;S2B;4.1695;0.1250;276.4244;6.0553;0.2992
96;2017-08-16 17:06:29;0.0938;0.0120;42.4879;117;ASCENDING;S2B;;;;;0.1283;2017-08-16 17:06:29;0.1271;0.0154;42.4879;117;ASCENDING;S2B;;;;;0.1213;2017-08-16 17:06:29;0.1011;0.0060;42.4879;117;ASCENDING;S2B;;;;;0.0596;2017-08-16 17:06:29;0.1179;0.0212;42.4879;117;ASCENDING;S2B;2.3358;0.2608;217.9938;3.7016;0.1801;2017-08-16 17:06:29;0.0625;0.0244;42.4879;117;ASCENDING;S2B;4.1233;0.1379;275.4800;6.0809;0.3910
97;2017-08-17 16:58:55;0.1224;0.0145;33.3124;44;ASCENDING;S1A;;;;;0.1184;2017-08-17 16:58:55;0.1092;0.0129;33.3124;44;ASCENDING;S1A;;;;;0.1180;2017-08-17 16:58:55;0.2244;0.0100;33.3124;44;ASCENDING;S1A;;;;;0.0445;2017-08-17 16:58:55;0.1410;0.0210;33.3124;44;ASCENDING;S1A;2.3290;0.2331;218.9876;3.6690;0.1488;2017-08-17 16:58:55;0.1116;0.0252;33.3124;44;ASCENDING;S1A;4.0938;0.1328;274.8766;6.0972;0.2256
98;2017-08-20 05:25:33;0.2036;0.0143;36.0019;168;DESCENDING;S2B;;;;;0.0705;2017-08-20 05:25:33;0.1633;0.0246;36.0019;168;DESCENDING;S2B;;;;;0.1509;2017-08-20 05:25:33;0.1332;0.0133;36.0019;168;DESCENDING;S2B;;;;;0.1000;2017-08-20 05:25:33;0.1387;0.0220;36.0019;168;DESCENDING;S2B;2.2741;0.2888;219.7627;3.5836;0.1584;2017-08-20 05:25:33;0.1328;0.0284;36.0019;168;DESCENDING;S2B;3.9701;0.1522;277.7338;6.0077;0.2140
99;2017-08-21 05:17:58;0.1040;0.0084;44.7006;95;DESCENDING;S1A;;;;;0.0807;2017-08-21 05:17:58;0.0699;0.0159;44.7006;95;DESCENDING;S1A;;;;;0.2273;2017-08-21 05:17:58;0.0708;0.0083;44.7006;95;DESCENDING;S1A;;;;;0.1178;2017-08-21 05:17:58;0.1032;0.0226;44.7006;95;DESCENDING;S1A;2.2504;0.2596;219.9572;3.5500;0.2186;2017-08-21 05:17:58;0.0828;0.0284;44.7006;95;DESCENDING;S1A;3.9187;0.1432;279.1227;5.9646;0.3433
100;2017-08-22 17:07:12;0.0930;0.0101;42.4836;117;ASCENDING;S1A;;;;;0.1081;2017-08-22 17:07:12;0.0510;0.0105;42.4836;117;ASCENDING;S1A;;;;;0.2050;2017-08-22 17:07:12;0.0771;0.0074;42.4836;117;ASCENDING;S1A;;;;;0.0958;2017-08-22 17:07:12;0.0780;0.0215;42.4836;117;ASCENDING;S1A;2.2147;0.2123;220.2488;3.4997;0.2755;2017-08-22 17:07:12;0.0992;0.0195;42.4836;117;ASCENDING;S1A;3.8416;0.1348;281.2060;5.8999;0.1968
101;2017-08-23 16:58:11;0.1300;0.0119;33.3048;44;ASCENDING;S2B;;;;;0.0917;2017-08-23 16:58:11;0.0707;0.0105;33.3048;44;ASCENDING;S2B;;;;;0.1491;2017-08-23 16:58:11;0.0954;0.0090;33.3048;44;ASCENDING;S2B;;;;;0.0939;2017-08-23 16:58:11;0.0929;0.0213;33.3048;44;ASCENDING;S2B;2.1920;0.2021;220.4352;3.4675;0.2288;2017-08-23 16:58:11;0.1331;0.0230;33.3048;44;ASCENDING;S2B;3.7924;0.1331;282.5370;5.8586;0.1725
102;2017-08-26 05:26:07;0.0942;0.0113;35.9959;168;DESCENDING;S1A;;;;;0.1197;2017-08-26 05:26:07;0.0728;0.0141;35.9959;168;DESCENDING;S1A;;;;;0.1943;2017-08-26 05:26:07;0.0893;0.0164;35.9959;168;DESCENDING;S1A;;;;;0.1837;2017-08-26 05:26:07;0.0969;0.0248;35.9959;168;DESCENDING;S1A;2.1316;0.1859;220.9294;3.3822;0.2562;2017-08-26 05:26:07;0.1906;0.0267;35.9959;168;DESCENDING;S1A;3.6619;0.1292;286.0671;5.7490;0.1399
103;2017-08-27 05:17:22;0.0867;0.0144;44.7003;95;DESCENDING;S2B;;;;;0.1667;2017-08-27 05:17:22;0.0430;0.0126;44.7003;95;DESCENDING;S2B;;;;;0.2922;2017-08-27 05:17:22;0.0640;0.0114;44.7003;95;DESCENDING;S2B;;;;;0.1779;2017-08-27 05:17:22;0.1129;0.0211;44.7003;95;DESCENDING;S2B;2.1078;0.1804;221.1239;3.3487;0.1873;2017-08-27 05:17:22;0.1477;0.0253;44.7003;95;DESCENDING;S2B;3.6105;0.1252;287.4560;5.7059;0.1711
104;2017-08-28 17:06:29;0.1402;0.0247;42.4883;117;ASCENDING;S2B;;;;;0.1761;2017-08-28 17:06:29;0.0791;0.0106;42.4883;117;ASCENDING;S2B;;;;;0.1343;2017-08-28 17:06:29;0.0590;0.0094;42.4883;117;ASCENDING;S2B;;;;;0.1592;2017-08-28 17:06:29;0.1037;0.0269;42.4883;117;ASCENDING;S2B;2.0722;0.1810;221.4155;3.2983;0.2590;2017-08-28 17:06:29;0.1065;0.0182;42.4883;117;ASCENDING;S2B;3.5334;0.1272;289.5393;5.6412;0.1708
105;2017-08-29 16:58:55;0.1536;0.0288;33.3119;44;ASCENDING;S1A;;;;;0.1875;2017-08-29 16:58:55;0.0872;0.0138;33.3119;44;ASCENDING;S1A;;;;;0.1579;2017-08-29 16:58:55;0.0731;0.0113;33.3119;44;ASCENDING;S1A;;;;;0.1538;2017-08-29 16:58:55;0.1106;0.0291;33.3119;44;ASCENDING;S1A;2.0494;0.1788;221.6019;3.2662;0.2628;2017-08-29 16:58:55;0.2074;0.0163;33.3119;44;ASCENDING;S1A;3.4842;0.1232;290.8703;5.5999;0.0785
106;2017-09-01 05:25:34;0.2033;0.0343;35.9995;168;DESCENDING;S2B;;;;;0.1687;2017-09-01 05:25:34;0.1632;0.0282;35.9995;168;DESCENDING;S2B;;;;;0.1728;2017-09-01 05:25:34;0.0893;0.0234;35.9995;168;DESCENDING;S2B;;;;;0.2616;2017-09-01 05:25:34;0.0971;0.0327;35.9995;168;DESCENDING;S2B;;0.2504;;;0.3371;2017-09-01 05:25:34;0.1212;0.0256;35.9995;168;DESCENDING;S2B;3.3685;0.1279;290.2291;5.4667;0.2113
107;2017-09-02 05:17:59;0.1242;0.0287;44.7009;95;DESCENDING;S1A;;;;;0.2312;2017-09-02 05:17:59;0.0901;0.0322;44.7009;95;DESCENDING;S1A;;;;;0.3577;2017-09-02 05:17:59;0.0753;0.0246;44.7009;95;DESCENDING;S1A;;;;;0.3264;2017-09-02 05:17:59;0.0755;0.0285;44.7009;95;DESCENDING;S1A;;0.2691;;;0.3771;2017-09-02 05:17:59;0.1083;0.0252;44.7009;95;DESCENDING;S1A;3.3239;0.1608;289.7291;5.4129;0.2324
108;2017-09-03 17:07:13;0.1329;0.0191;42.4841;117;ASCENDING;S1A;;;;;0.1439;2017-09-03 17:07:13;0.1133;0.0241;42.4841;117;ASCENDING;S1A;;;;;0.2122;2017-09-03 17:07:13;0.0734;0.0094;42.4841;117;ASCENDING;S1A;;;;;0.1285;2017-09-03 17:07:13;0.0859;0.0202;42.4841;117;ASCENDING;S1A;;0.2997;;;0.2353;2017-09-03 17:07:13;0.1142;0.0250;42.4841;117;ASCENDING;S1A;3.2570;0.1699;288.9791;5.3321;0.2190
109;2017-09-04 16:58:12;0.1611;0.0236;33.3028;44;ASCENDING;S2B;;;;;0.1465;2017-09-04 16:58:12;0.1045;0.0299;33.3028;44;ASCENDING;S2B;;;;;0.2860;2017-09-04 16:58:12;0.1330;0.0146;33.3028;44;ASCENDING;S2B;;;;;0.1098;2017-09-04 16:58:12;0.0936;0.0165;33.3028;44;ASCENDING;S2B;;;;;0.1767;2017-09-04 16:58:12;0.1031;0.0282;33.3028;44;ASCENDING;S2B;3.2142;0.1682;288.5000;5.2806;0.2733
110;2017-09-07 05:26:08;0.0942;0.0169;35.9965;168;DESCENDING;S1A;;;;;0.1791;2017-09-07 05:26:08;0.0947;0.0262;35.9965;168;DESCENDING;S1A;;;;;0.2769;2017-09-07 05:26:08;0.1052;0.0139;35.9965;168;DESCENDING;S1A;;;;;0.1318;2017-09-07 05:26:08;0.0625;0.0152;35.9965;168;DESCENDING;S1A;;;;;0.2428;2017-09-07 05:26:08;0.0796;0.0253;35.9965;168;DESCENDING;S1A;3.1008;0.1598;287.2291;5.1438;0.3186
111;2017-09-08 05:17:22;0.0567;0.0092;44.6978;95;DESCENDING;S2B;;;;;0.1618;2017-09-08 05:17:22;0.0722;0.0206;44.6978;95;DESCENDING;S2B;;;;;0.2849;2017-09-08 05:17:22;0.0515;0.0129;44.6978;95;DESCENDING;S2B;;;;;0.2505;2017-09-08 05:17:22;0.0532;0.0107;44.6978;95;DESCENDING;S2B;;;;;0.2009;2017-09-08 05:17:22;0.1009;0.0248;44.6978;95;DESCENDING;S2B;3.0561;0.1549;286.7291;5.0900;0.2460
112;2017-09-09 17:06:30;0.0670;0.0140;42.4837;117;ASCENDING;S2B;;;;;0.2085;2017-09-09 17:06:30;0.0815;0.0268;42.4837;117;ASCENDING;S2B;;;;;0.3291;2017-09-09 17:06:30;0.0626;0.0153;42.4837;117;ASCENDING;S2B;;;;;0.2440;2017-09-09 17:06:30;0.0762;0.0138;42.4837;117;ASCENDING;S2B;;;;;0.1816;2017-09-09 17:06:30;0.1074;0.0283;42.4837;117;ASCENDING;S2B;2.9892;0.1500;285.9791;5.0093;0.2640
113;2017-09-10 16:58:56;0.1375;0.0229;33.3087;44;ASCENDING;S1A;;;;;0.1666;2017-09-10 16:58:56;0.0905;0.0304;33.3087;44;ASCENDING;S1A;;;;;0.3355;2017-09-10 16:58:56;0.1029;0.0222;33.3087;44;ASCENDING;S1A;;;;;0.2152;2017-09-10 16:58:56;0.1194;0.0128;33.3087;44;ASCENDING;S1A;;;;;0.1072;2017-09-10 16:58:56;0.1230;0.0184;33.3087;44;ASCENDING;S1A;2.9464;0.1683;285.5000;4.9577;0.1495
114;2017-09-13 05:25:34;0.0999;0.0190;36.0023;168;DESCENDING;S2B;;;;;0.1898;2017-09-13 05:25:34;0.1142;0.0217;36.0023;168;DESCENDING;S2B;;;;;0.1896;2017-09-13 05:25:34;0.0811;0.0268;36.0023;168;DESCENDING;S2B;;;;;0.3306;2017-09-13 05:25:34;0.0833;0.0190;36.0023;168;DESCENDING;S2B;;;;;0.2285;2017-09-13 05:25:34;0.0769;0.0183;36.0023;168;DESCENDING;S2B;2.8330;0.1642;284.2291;4.8209;0.2376
115;2017-09-14 05:17:59;0.0931;0.0108;44.6989;95;DESCENDING;S1A;;;;;0.1163;2017-09-14 05:17:59;0.0761;0.0209;44.6989;95;DESCENDING;S1A;;;;;0.2744;2017-09-14 05:17:59;0.0657;0.0142;44.6989;95;DESCENDING;S1A;;;;;0.2158;2017-09-14 05:17:59;0.0719;0.0131;44.6989;95;DESCENDING;S1A;;;;;0.1817;2017-09-14 05:17:59;0.0489;0.0117;44.6989;95;DESCENDING;S1A;2.7883;0.1597;283.7291;4.7671;0.2387
116;2017-09-15 17:07:13;0.0644;0.0150;42.4895;117;ASCENDING;S1A;;;;;0.2335;2017-09-15 17:07:13;0.0693;0.0197;42.4895;117;ASCENDING;S1A;;;;;0.2836;2017-09-15 17:07:13;0.0680;0.0148;42.4895;117;ASCENDING;S1A;;;;;0.2175;2017-09-15 17:07:13;0.0886;0.0117;42.4895;117;ASCENDING;S1A;;;;;0.1318;2017-09-15 17:07:13;0.0872;0.0161;42.4895;117;ASCENDING;S1A;2.7530;0.1644;284.8512;4.6579;0.1844
117;2017-09-16 16:58:38;0.2048;0.0255;33.3120;44;ASCENDING;S2B;;;;;0.1247;2017-09-16 16:58:38;0.0000;0.0000;33.3120;44;ASCENDING;S2B;;;;;;2017-09-16 16:58:38;0.0852;0.0197;33.3120;44;ASCENDING;S2B;;;;;0.2306;2017-09-16 16:58:38;0.1440;0.0166;33.3120;44;ASCENDING;S2B;;;;;0.1153;2017-09-16 16:58:38;0.0941;0.0166;33.3120;44;ASCENDING;S2B;2.7530;0.1756;286.9047;4.5677;0.1765
118;2017-09-19 05:26:08;0.1013;0.0178;35.9960;168;DESCENDING;S1A;;;;;0.1759;2017-09-19 05:26:08;0.0832;0.0262;35.9960;168;DESCENDING;S1A;;;;;0.3150;2017-09-19 05:26:08;0.0729;0.0179;35.9960;168;DESCENDING;S1A;;;;;0.2453;2017-09-19 05:26:08;0.0780;0.0104;35.9960;168;DESCENDING;S1A;;;;;0.1333;2017-09-19 05:26:08;0.0994;0.0191;35.9960;168;DESCENDING;S1A;2.7530;0.1638;292.3512;4.3287;0.1922
119;2017-09-20 05:17:23;0.0835;0.0103;44.6960;95;DESCENDING;S2B;;;;;0.1235;2017-09-20 05:17:23;0.0853;0.0151;44.6960;95;DESCENDING;S2B;;;;;0.1766;2017-09-20 05:17:23;0.0682;0.0138;44.6960;95;DESCENDING;S2B;;;;;0.2029;2017-09-20 05:17:23;0.0603;0.0082;44.6960;95;DESCENDING;S2B;;;;;0.1362;2017-09-20 05:17:23;0.0592;0.0113;44.6960;95;DESCENDING;S2B;2.7530;0.1618;294.4940;4.2346;0.1912
120;2017-09-21 17:06:30;0.0737;0.0122;42.4837;117;ASCENDING;S2B;;;;;0.1654;2017-09-21 17:06:30;0.0781;0.0117;42.4837;117;ASCENDING;S2B;;;;;0.1498;2017-09-21 17:06:30;0.0489;0.0139;42.4837;117;ASCENDING;S2B;;;;;0.2846;2017-09-21 17:06:30;0.0912;0.0111;42.4837;117;ASCENDING;S2B;;;;;0.1219;2017-09-21 17:06:30;0.0649;0.0151;42.4837;117;ASCENDING;S2B;2.7530;0.1702;297.7083;4.0935;0.2332
